date,seq,timestamp,final_verdict,total_ms,steps
2026-07-13,001,2026-07-13T01:52:37.546Z,OK,24132.0,Object Detector:OK(0.77);Socket Measurement:OK(0.46);Sinyal Arduino/PLC:OK(0.00);Simpan Gambar:OK(0.00)
2026-07-13,001,2026-07-13T02:09:21.427Z,OK,21918.0,Object Detector:OK(0.62);Socket Measurement:OK(0.43);Sinyal Arduino/PLC:OK(0.00);Simpan Gambar:OK(0.00);Kamera / Webcam:OK(0.00)
2026-07-13,002,2026-07-13T02:11:06.940Z,OK,20559.0,Kamera / Webcam:OK(0.00);Object Detector:OK(0.70);Socket Measurement:OK(0.43);Sinyal Arduino/PLC:OK(0.00);Simpan Gambar:OK(0.00)
2026-07-13,003,2026-07-13T02:11:27.196Z,OK,18305.0,Kamera / Webcam:OK(0.00);Object Detector:OK(0.68);Socket Measurement:OK(0.48);Sinyal Arduino/PLC:OK(0.00);Simpan Gambar:OK(0.00)
2026-07-13,004,2026-07-13T02:11:46.454Z,OK,18564.0,Kamera / Webcam:OK(0.00);Object Detector:OK(0.70);Socket Measurement:OK(0.49);Sinyal Arduino/PLC:OK(0.00);Simpan Gambar:OK(0.00)
2026-07-13,005,2026-07-13T02:12:12.478Z,OK,24593.0,Kamera / Webcam:OK(0.00);Object Detector:OK(0.73);Socket Measurement:OK(0.47);Sinyal Arduino/PLC:OK(0.00);Simpan Gambar:OK(0.00)
2026-07-13,006,2026-07-13T02:12:38.144Z,OK,25247.0,Kamera / Webcam:OK(0.00);Object Detector:OK(0.69);Socket Measurement:OK(0.46);Sinyal Arduino/PLC:OK(0.00);Simpan Gambar:OK(0.00)
2026-07-13,007,2026-07-13T02:12:59.541Z,OK,20651.0,Kamera / Webcam:OK(0.00);Object Detector:OK(0.67);Socket Measurement:OK(0.52);Sinyal Arduino/PLC:OK(0.00);Simpan Gambar:OK(0.00)
2026-07-13,008,2026-07-13T02:13:21.164Z,OK,21266.0,Kamera / Webcam:OK(0.00);Object Detector:OK(0.69);Socket Measurement:OK(0.51);Sinyal Arduino/PLC:OK(0.00);Simpan Gambar:OK(0.00)
2026-07-13,009,2026-07-13T02:13:41.693Z,OK,19780.0,Kamera / Webcam:OK(0.00);Object Detector:OK(0.73);Socket Measurement:OK(0.48);Sinyal Arduino/PLC:OK(0.00);Simpan Gambar:OK(0.00)
2026-07-13,010,2026-07-13T02:14:01.269Z,OK,19376.0,Kamera / Webcam:OK(0.00);Object Detector:OK(0.64);Socket Measurement:OK(0.45);Sinyal Arduino/PLC:OK(0.00);Simpan Gambar:OK(0.00)
2026-07-13,001,2026-07-13T03:33:59.807Z,NG,12562.0,Kamera / Webcam:OK(0.00);Object Detector:NG(0.00)
2026-07-13,002,2026-07-13T03:34:14.844Z,NG,7039.0,Kamera / Webcam:OK(0.00);Object Detector:NG(0.00)
2026-07-13,003,2026-07-13T03:34:23.849Z,NG,8033.0,Kamera / Webcam:OK(0.00);Object Detector:NG(0.00)
2026-07-13,004,2026-07-13T03:34:31.081Z,NG,7057.0,Kamera / Webcam:OK(0.00);Object Detector:NG(0.00)
2026-07-13,005,2026-07-13T03:45:54.272Z,OK,15976.0,Kamera / Webcam:OK(0.00);Object Detector:OK(0.35);Socket Measurement:OK(0.36);Sinyal Arduino/PLC:OK(0.00);Simpan Gambar:OK(0.00)
2026-07-13,006,2026-07-13T03:46:07.815Z,OK,13496.0,Kamera / Webcam:OK(0.00);Object Detector:OK(0.86);Socket Measurement:OK(0.36);Sinyal Arduino/PLC:OK(0.00);Simpan Gambar:OK(0.00)
2026-07-13,007,2026-07-13T03:46:22.297Z,OK,13056.0,Kamera / Webcam:OK(0.00);Object Detector:OK(0.88);Socket Measurement:OK(0.44);Sinyal Arduino/PLC:OK(0.00);Simpan Gambar:OK(0.00)
2026-07-13,008,2026-07-13T03:46:35.746Z,OK,13398.0,Kamera / Webcam:OK(0.00);Object Detector:OK(0.89);Socket Measurement:OK(0.38);Sinyal Arduino/PLC:OK(0.00);Simpan Gambar:OK(0.00)
2026-07-13,009,2026-07-13T03:46:48.790Z,OK,12992.0,Kamera / Webcam:OK(0.00);Object Detector:OK(0.88);Socket Measurement:OK(0.45);Sinyal Arduino/PLC:OK(0.00);Simpan Gambar:OK(0.00)
2026-07-13,010,2026-07-13T03:47:02.333Z,OK,13490.0,Kamera / Webcam:OK(0.00);Object Detector:OK(0.86);Socket Measurement:OK(0.50);Sinyal Arduino/PLC:OK(0.00);Simpan Gambar:OK(0.00)
2026-07-13,011,2026-07-13T03:47:15.632Z,OK,13241.0,Kamera / Webcam:OK(0.00);Object Detector:OK(0.89);Socket Measurement:OK(0.42);Sinyal Arduino/PLC:OK(0.00);Simpan Gambar:OK(0.00)
2026-07-13,012,2026-07-13T03:47:29.828Z,OK,14125.0,Kamera / Webcam:OK(0.00);Object Detector:OK(0.84);Socket Measurement:OK(0.43);Sinyal Arduino/PLC:OK(0.00);Simpan Gambar:OK(0.00)
2026-07-13,013,2026-07-13T03:47:43.020Z,OK,13069.0,Kamera / Webcam:OK(0.00);Object Detector:OK(0.86);Socket Measurement:OK(0.44);Sinyal Arduino/PLC:OK(0.00);Simpan Gambar:OK(0.00)
2026-07-13,014,2026-07-13T03:47:56.339Z,OK,13244.0,Kamera / Webcam:OK(0.00);Object Detector:OK(0.84);Socket Measurement:OK(0.47);Sinyal Arduino/PLC:OK(0.00);Simpan Gambar:OK(0.00)
2026-07-13,015,2026-07-13T03:48:09.515Z,OK,13103.0,Kamera / Webcam:OK(0.00);Object Detector:OK(0.82);Socket Measurement:OK(0.43);Sinyal Arduino/PLC:OK(0.00);Simpan Gambar:OK(0.00)
2026-07-13,016,2026-07-13T03:48:22.591Z,OK,12994.0,Kamera / Webcam:OK(0.00);Object Detector:OK(0.51);Socket Measurement:OK(0.47);Sinyal Arduino/PLC:OK(0.00);Simpan Gambar:OK(0.00)
2026-07-13,017,2026-07-13T03:48:36.143Z,OK,13486.0,Kamera / Webcam:OK(0.00);Object Detector:OK(0.86);Socket Measurement:OK(0.41);Sinyal Arduino/PLC:OK(0.00);Simpan Gambar:OK(0.00)
2026-07-13,018,2026-07-13T03:59:11.377Z,OK,22463.0,Kamera / Webcam:OK(0.00);Object Detector:OK(0.85);Socket Measurement:OK(0.50);Sinyal Arduino/PLC:OK(0.00);Simpan Gambar:OK(0.00)
2026-07-13,019,2026-07-13T03:59:31.943Z,OK,20473.0,Kamera / Webcam:OK(0.00);Object Detector:OK(0.86);Socket Measurement:OK(0.62);Sinyal Arduino/PLC:OK(0.00);Simpan Gambar:OK(0.00)
2026-07-13,005,2026-07-13T04:18:37.208Z,OK,21726.0,Kamera / Webcam:OK(0.00);Object Detector:OK(0.82);Socket Measurement:OK(0.54);Sinyal Arduino/PLC:OK(0.00);Simpan Gambar:OK(0.00)
2026-07-13,006,2026-07-13T04:18:57.678Z,OK,20398.0,Kamera / Webcam:OK(0.00);Object Detector:OK(0.83);Socket Measurement:OK(0.55);Sinyal Arduino/PLC:OK(0.00);Simpan Gambar:OK(0.00)
2026-07-13,007,2026-07-13T04:19:16.419Z,OK,18518.0,Kamera / Webcam:OK(0.00);Object Detector:OK(0.84);Socket Measurement:OK(0.53);Sinyal Arduino/PLC:OK(0.00);Simpan Gambar:OK(0.00)
2026-07-13,008,2026-07-13T04:19:34.677Z,OK,18171.0,Kamera / Webcam:OK(0.00);Object Detector:OK(0.82);Socket Measurement:OK(0.61);Sinyal Arduino/PLC:OK(0.00);Simpan Gambar:OK(0.00)
2026-07-13,009,2026-07-13T04:19:52.635Z,OK,17885.0,Kamera / Webcam:OK(0.00);Object Detector:OK(0.85);Socket Measurement:OK(0.55);Sinyal Arduino/PLC:OK(0.00);Simpan Gambar:OK(0.00)
2026-07-13,010,2026-07-13T04:20:13.457Z,OK,20770.0,Kamera / Webcam:OK(0.00);Object Detector:OK(0.84);Socket Measurement:OK(0.54);Sinyal Arduino/PLC:OK(0.00);Simpan Gambar:OK(0.00)
2026-07-13,011,2026-07-13T04:20:41.976Z,OK,28074.0,Kamera / Webcam:OK(0.00);Object Detector:OK(0.84);Socket Measurement:OK(0.53);Sinyal Arduino/PLC:OK(0.00);Simpan Gambar:OK(0.00)
2026-07-13,012,2026-07-13T04:21:08.518Z,OK,26297.0,Kamera / Webcam:OK(0.00);Object Detector:OK(0.84);Socket Measurement:OK(0.52);Sinyal Arduino/PLC:OK(0.00);Simpan Gambar:OK(0.00)
2026-07-13,013,2026-07-13T04:21:27.441Z,OK,18777.0,Kamera / Webcam:OK(0.00);Object Detector:OK(0.84);Socket Measurement:OK(0.52);Sinyal Arduino/PLC:OK(0.00);Simpan Gambar:OK(0.00)
2026-07-13,014,2026-07-13T04:21:52.086Z,OK,24566.0,Kamera / Webcam:OK(0.00);Object Detector:OK(0.84);Socket Measurement:OK(0.53);Sinyal Arduino/PLC:OK(0.00);Simpan Gambar:OK(0.00)
2026-07-13,015,2026-07-13T04:22:14.882Z,OK,21972.0,Kamera / Webcam:OK(0.00);Object Detector:OK(0.85);Socket Measurement:OK(0.57);Sinyal Arduino/PLC:OK(0.00);Simpan Gambar:OK(0.00)
2026-07-13,005,2026-07-13T04:40:37.696Z,OK,11027.0,Kamera / Webcam:OK(0.00);Object Detector:OK(0.92);Socket Measurement:OK(0.00);Sinyal Arduino/PLC:OK(0.00);Simpan Gambar:OK(0.00)
2026-07-13,006,2026-07-13T04:40:45.802Z,OK,8008.0,Kamera / Webcam:OK(0.00);Object Detector:OK(0.85);Socket Measurement:OK(0.00);Sinyal Arduino/PLC:OK(0.00);Simpan Gambar:OK(0.00)
2026-07-13,007,2026-07-13T04:40:54.767Z,OK,8923.0,Kamera / Webcam:OK(0.00);Object Detector:OK(0.88);Socket Measurement:OK(0.00);Sinyal Arduino/PLC:OK(0.00);Simpan Gambar:OK(0.00)
2026-07-13,008,2026-07-13T04:41:04.599Z,OK,9772.0,Kamera / Webcam:OK(0.00);Object Detector:OK(0.87);Socket Measurement:OK(0.00);Sinyal Arduino/PLC:OK(0.00);Simpan Gambar:OK(0.00)
2026-07-13,009,2026-07-13T04:41:16.603Z,OK,11931.0,Kamera / Webcam:OK(0.00);Object Detector:OK(0.84);Socket Measurement:OK(0.00);Sinyal Arduino/PLC:OK(0.00);Simpan Gambar:OK(0.00)
2026-07-13,010,2026-07-13T04:41:30.593Z,OK,13695.0,Kamera / Webcam:OK(0.00);Object Detector:OK(0.83);Socket Measurement:OK(0.00);Sinyal Arduino/PLC:OK(0.00);Simpan Gambar:OK(0.00)
2026-07-13,011,2026-07-13T04:41:45.567Z,OK,14667.0,Kamera / Webcam:OK(0.00);Object Detector:OK(0.82);Socket Measurement:OK(0.00);Sinyal Arduino/PLC:OK(0.00);Simpan Gambar:OK(0.00)
2026-07-13,012,2026-07-13T04:44:00.711Z,OK,11072.0,Kamera / Webcam:OK(0.00);Object Detector:OK(0.82);Socket Measurement:OK(0.00);Sinyal Arduino/PLC:OK(0.00);Simpan Gambar:OK(0.00)
2026-07-13,013,2026-07-13T04:44:10.070Z,OK,9262.0,Kamera / Webcam:OK(0.00);Object Detector:OK(0.83);Socket Measurement:OK(0.00);Sinyal Arduino/PLC:OK(0.00);Simpan Gambar:OK(0.00)
2026-07-13,014,2026-07-13T04:44:31.002Z,OK,20878.0,Kamera / Webcam:OK(0.00);Object Detector:OK(0.82);Socket Measurement:OK(0.53);Sinyal Arduino/PLC:OK(0.00);Simpan Gambar:OK(0.00)
2026-07-13,015,2026-07-13T04:44:41.194Z,OK,9306.0,Kamera / Webcam:OK(0.00);Object Detector:OK(0.82);Socket Measurement:OK(0.00);Sinyal Arduino/PLC:OK(0.00);Simpan Gambar:OK(0.00)
2026-07-13,016,2026-07-13T04:44:55.499Z,OK,13613.0,Kamera / Webcam:OK(0.00);Object Detector:OK(0.83);Socket Measurement:OK(0.00);Sinyal Arduino/PLC:OK(0.00);Simpan Gambar:OK(0.00)
2026-07-13,017,2026-07-13T04:45:19.271Z,OK,20671.0,Kamera / Webcam:OK(0.00);Object Detector:OK(0.80);Socket Measurement:OK(0.60);Sinyal Arduino/PLC:OK(0.00);Simpan Gambar:OK(0.00)
2026-07-13,018,2026-07-13T04:47:08.632Z,OK,19275.0,Kamera / Webcam:OK(0.00);Object Detector:OK(0.88);Socket Measurement:OK(0.51);Sinyal Arduino/PLC:OK(0.00);Simpan Gambar:OK(0.00)
2026-07-13,019,2026-07-13T04:47:29.477Z,OK,20788.0,Kamera / Webcam:OK(0.00);Object Detector:OK(0.78);Socket Measurement:OK(0.57);Sinyal Arduino/PLC:OK(0.00);Simpan Gambar:OK(0.00)
2026-07-13,020,2026-07-13T04:47:50.125Z,OK,20573.0,Kamera / Webcam:OK(0.00);Object Detector:OK(0.80);Socket Measurement:OK(0.54);Sinyal Arduino/PLC:OK(0.00);Simpan Gambar:OK(0.00)
2026-07-13,021,2026-07-13T04:48:19.622Z,OK,29431.0,Kamera / Webcam:OK(0.00);Object Detector:OK(0.79);Socket Measurement:OK(0.51);Sinyal Arduino/PLC:OK(0.00);Simpan Gambar:OK(0.00)
2026-07-13,022,2026-07-13T04:58:00.423Z,OK,17202.0,Kamera / Webcam:OK(0.00);Object Detector:OK(0.90);Socket Measurement:OK(0.62);Sinyal Arduino/PLC:OK(0.00);Simpan Gambar:OK(0.00)
2026-07-13,005,2026-07-13T04:58:53.605Z,OK,15500.0,Kamera / Webcam:OK(0.00);Object Detector:OK(0.91);Socket Measurement:OK(0.51);Sinyal Arduino/PLC:OK(0.00);Simpan Gambar:OK(0.00)
2026-07-13,005,2026-07-13T11:32:06.229Z,OK,24836.0,Kamera / Webcam:OK(0.00);Object Detector:OK(0.76);Socket Measurement:OK(0.50);Sinyal Arduino/PLC:OK(0.00);Simpan Gambar:OK(0.00)
2026-07-13,006,2026-07-13T11:32:23.743Z,OK,17358.0,Kamera / Webcam:OK(0.00);Object Detector:OK(0.76);Socket Measurement:OK(0.54);Sinyal Arduino/PLC:OK(0.00);Simpan Gambar:OK(0.00)
2026-07-13,007,2026-07-13T11:32:39.571Z,OK,15791.0,Kamera / Webcam:OK(0.00);Object Detector:OK(0.78);Socket Measurement:OK(0.56);Sinyal Arduino/PLC:OK(0.00);Simpan Gambar:OK(0.00)
2026-07-13,008,2026-07-13T11:32:55.129Z,OK,15520.0,Kamera / Webcam:OK(0.00);Object Detector:OK(0.73);Socket Measurement:OK(0.52);Sinyal Arduino/PLC:OK(0.00);Simpan Gambar:OK(0.00)
2026-07-13,009,2026-07-13T11:33:10.912Z,OK,15712.0,Kamera / Webcam:OK(0.00);Object Detector:OK(0.70);Socket Measurement:OK(0.57);Sinyal Arduino/PLC:OK(0.00);Simpan Gambar:OK(0.00)
2026-07-13,010,2026-07-13T11:33:27.142Z,OK,16104.0,Kamera / Webcam:OK(0.00);Object Detector:OK(0.68);Socket Measurement:OK(0.51);Sinyal Arduino/PLC:OK(0.00);Simpan Gambar:OK(0.00)
2026-07-13,011,2026-07-13T11:33:43.876Z,OK,16632.0,Kamera / Webcam:OK(0.00);Object Detector:OK(0.71);Socket Measurement:OK(0.61);Sinyal Arduino/PLC:OK(0.00);Simpan Gambar:OK(0.00)
2026-07-13,012,2026-07-13T11:34:01.171Z,OK,17232.0,Kamera / Webcam:OK(0.00);Object Detector:OK(0.71);Socket Measurement:OK(0.55);Sinyal Arduino/PLC:OK(0.00);Simpan Gambar:OK(0.00)
2026-07-13,013,2026-07-13T11:34:19.532Z,OK,18317.0,Kamera / Webcam:OK(0.00);Object Detector:OK(0.68);Socket Measurement:OK(0.52);Sinyal Arduino/PLC:OK(0.00);Simpan Gambar:OK(0.00)
2026-07-13,014,2026-07-13T11:34:37.200Z,OK,17300.0,Kamera / Webcam:OK(0.00);Object Detector:OK(0.79);Socket Measurement:OK(0.52);Sinyal Arduino/PLC:OK(0.00);Simpan Gambar:OK(0.00)
2026-07-13,015,2026-07-13T11:34:55.307Z,OK,17423.0,Kamera / Webcam:OK(0.00);Object Detector:OK(0.83);Socket Measurement:OK(0.61);Sinyal Arduino/PLC:OK(0.00);Simpan Gambar:OK(0.00)
2026-07-13,016,2026-07-13T11:35:12.548Z,OK,16657.0,Kamera / Webcam:OK(0.00);Object Detector:OK(0.79);Socket Measurement:OK(0.57);Sinyal Arduino/PLC:OK(0.00);Simpan Gambar:OK(0.00)
2026-07-13,017,2026-07-13T11:35:33.875Z,OK,20981.0,Kamera / Webcam:OK(0.00);Object Detector:OK(0.63);Socket Measurement:OK(0.51);Sinyal Arduino/PLC:OK(0.00);Simpan Gambar:OK(0.00)
2026-07-13,018,2026-07-13T11:35:57.751Z,OK,22854.0,Kamera / Webcam:OK(0.00);Object Detector:OK(0.70);Socket Measurement:OK(0.60);Sinyal Arduino/PLC:OK(0.00);Simpan Gambar:OK(0.00)
2026-07-13,019,2026-07-13T11:36:15.800Z,OK,17903.0,Kamera / Webcam:OK(0.00);Object Detector:OK(0.72);Socket Measurement:OK(0.53);Sinyal Arduino/PLC:OK(0.00);Simpan Gambar:OK(0.00)
2026-07-13,020,2026-07-13T11:36:33.668Z,OK,17772.0,Kamera / Webcam:OK(0.00);Object Detector:OK(0.67);Socket Measurement:OK(0.50);Sinyal Arduino/PLC:OK(0.00);Simpan Gambar:OK(0.00)
2026-07-13,021,2026-07-13T11:36:52.600Z,OK,18705.0,Kamera / Webcam:OK(0.00);Object Detector:OK(0.69);Socket Measurement:OK(0.59);Sinyal Arduino/PLC:OK(0.00);Simpan Gambar:OK(0.00)
2026-07-13,022,2026-07-13T11:37:10.602Z,OK,17719.0,Kamera / Webcam:OK(0.00);Object Detector:OK(0.70);Socket Measurement:OK(0.52);Sinyal Arduino/PLC:OK(0.00);Simpan Gambar:OK(0.00)
2026-07-13,023,2026-07-13T11:37:28.893Z,OK,18000.0,Kamera / Webcam:OK(0.00);Object Detector:OK(0.69);Socket Measurement:OK(0.52);Sinyal Arduino/PLC:OK(0.00);Simpan Gambar:OK(0.00)
2026-07-13,024,2026-07-13T11:37:46.550Z,OK,16654.0,Kamera / Webcam:OK(0.00);Object Detector:OK(0.69);Socket Measurement:OK(0.51);Sinyal Arduino/PLC:OK(0.00);Simpan Gambar:OK(0.00)
2026-07-13,025,2026-07-13T11:38:38.787Z,NG,6849.0,Kamera / Webcam:OK(0.00);Object Detector:NG(0.00)
2026-07-13,026,2026-07-13T11:39:38.268Z,NG,6380.0,Kamera / Webcam:OK(0.00);Object Detector:NG(0.00)
2026-07-13,027,2026-07-13T11:40:37.640Z,NG,5739.0,Kamera / Webcam:OK(0.00);Object Detector:NG(0.00)
2026-07-13,028,2026-07-13T11:41:37.559Z,NG,5665.0,Kamera / Webcam:OK(0.00);Object Detector:NG(0.00)
2026-07-13,029,2026-07-13T11:42:37.611Z,NG,5717.0,Kamera / Webcam:OK(0.00);Object Detector:NG(0.00)
2026-07-13,030,2026-07-13T11:43:40.396Z,NG,8498.0,Kamera / Webcam:OK(0.00);Object Detector:NG(0.00)
2026-07-13,031,2026-07-13T11:44:39.710Z,NG,7798.0,Kamera / Webcam:OK(0.00);Object Detector:NG(0.00)
2026-07-13,032,2026-07-13T11:45:41.841Z,NG,8876.0,Kamera / Webcam:OK(0.00);Object Detector:NG(0.00)
2026-07-13,033,2026-07-13T11:54:15.997Z,NG,464016.0,Kamera / Webcam:OK(0.00);Object Detector:NG(0.00)
2026-07-13,034,2026-07-13T11:54:38.382Z,NG,6487.0,Kamera / Webcam:OK(0.00);Object Detector:NG(0.00)
2026-07-13,035,2026-07-13T11:54:44.681Z,NG,5970.0,Kamera / Webcam:OK(0.00);Object Detector:NG(0.00)
2026-07-13,016,2026-07-13T11:56:51.122Z,NG,8848.0,Kamera / Webcam:OK(0.00);Object Detector:NG(0.00)
2026-07-13,017,2026-07-13T11:56:59.259Z,NG,8089.0,Kamera / Webcam:OK(0.00);Object Detector:NG(0.00)
2026-07-13,018,2026-07-13T11:57:07.562Z,NG,8267.0,Kamera / Webcam:OK(0.00);Object Detector:NG(0.00)
2026-07-13,019,2026-07-13T11:57:14.861Z,NG,7273.0,Kamera / Webcam:OK(0.00);Object Detector:NG(0.00)
2026-07-13,020,2026-07-13T11:57:22.890Z,NG,7997.0,Kamera / Webcam:OK(0.00);Object Detector:NG(0.00)
2026-07-13,021,2026-07-13T11:57:29.941Z,NG,7017.0,Kamera / Webcam:OK(0.00);Object Detector:NG(0.00)
2026-07-13,022,2026-07-13T11:57:44.878Z,OK,14903.0,Kamera / Webcam:OK(0.00);Object Detector:OK(0.58);Socket Measurement:OK(0.59);Sinyal Arduino/PLC:OK(0.00);Simpan Gambar:OK(0.00)
2026-07-13,023,2026-07-13T11:57:51.780Z,NG,6837.0,Kamera / Webcam:OK(0.00);Object Detector:NG(0.00)
2026-07-13,024,2026-07-13T11:57:59.712Z,NG,7895.0,Kamera / Webcam:OK(0.00);Object Detector:NG(0.00)
2026-07-13,025,2026-07-13T11:58:06.681Z,NG,6937.0,Kamera / Webcam:OK(0.00);Object Detector:NG(0.00)
2026-07-13,026,2026-07-13T11:58:15.874Z,NG,9162.0,Kamera / Webcam:OK(0.00);Object Detector:NG(0.00)
2026-07-13,027,2026-07-13T11:58:24.161Z,NG,8256.0,Kamera / Webcam:OK(0.00);Object Detector:NG(0.00)
2026-07-13,028,2026-07-13T11:58:32.727Z,NG,8528.0,Kamera / Webcam:OK(0.00);Object Detector:NG(0.00)
2026-07-13,029,2026-07-13T11:58:41.031Z,NG,8273.0,Kamera / Webcam:OK(0.00);Object Detector:NG(0.00)
2026-07-13,030,2026-07-13T11:58:49.833Z,NG,8768.0,Kamera / Webcam:OK(0.00);Object Detector:NG(0.00)
2026-07-13,031,2026-07-13T11:58:57.412Z,NG,7548.0,Kamera / Webcam:OK(0.00);Object Detector:NG(0.00)
2026-07-13,032,2026-07-13T11:59:05.721Z,NG,8275.0,Kamera / Webcam:OK(0.00);Object Detector:NG(0.00)
2026-07-13,033,2026-07-13T11:59:13.021Z,NG,7267.0,Kamera / Webcam:OK(0.00);Object Detector:NG(0.00)
2026-07-13,034,2026-07-13T11:59:21.434Z,NG,8382.0,Kamera / Webcam:OK(0.00);Object Detector:NG(0.00)
2026-07-13,035,2026-07-13T11:59:29.518Z,NG,8051.0,Kamera / Webcam:OK(0.00);Object Detector:NG(0.00)
2026-07-13,036,2026-07-13T11:59:38.255Z,NG,8700.0,Kamera / Webcam:OK(0.00);Object Detector:NG(0.00)
2026-07-13,037,2026-07-13T11:59:46.588Z,NG,8301.0,Kamera / Webcam:OK(0.00);Object Detector:NG(0.00)
2026-07-13,038,2026-07-13T11:59:59.525Z,NG,12905.0,Kamera / Webcam:OK(0.00);Object Detector:NG(0.00)
2026-07-13,039,2026-07-13T12:00:11.401Z,NG,11841.0,Kamera / Webcam:OK(0.00);Object Detector:NG(0.00)
2026-07-13,040,2026-07-13T12:00:21.401Z,NG,9953.0,Kamera / Webcam:OK(0.00);Object Detector:NG(0.00)
2026-07-13,041,2026-07-13T12:00:29.209Z,NG,7776.0,Kamera / Webcam:OK(0.00);Object Detector:NG(0.00)
2026-07-13,042,2026-07-13T12:00:37.932Z,NG,8689.0,Kamera / Webcam:OK(0.00);Object Detector:NG(0.00)
2026-07-13,043,2026-07-13T12:00:45.834Z,NG,7864.0,Kamera / Webcam:OK(0.00);Object Detector:NG(0.00)
2026-07-13,044,2026-07-13T12:00:55.093Z,NG,9226.0,Kamera / Webcam:OK(0.00);Object Detector:NG(0.00)
2026-07-13,045,2026-07-13T12:01:03.086Z,NG,7959.0,Kamera / Webcam:OK(0.00);Object Detector:NG(0.00)
2026-07-13,046,2026-07-13T12:01:12.048Z,NG,8930.0,Kamera / Webcam:OK(0.00);Object Detector:NG(0.00)
2026-07-13,047,2026-07-13T12:01:20.245Z,NG,8140.0,Kamera / Webcam:OK(0.00);Object Detector:NG(0.00)
2026-07-13,048,2026-07-13T12:01:29.096Z,NG,8814.0,Kamera / Webcam:OK(0.00);Object Detector:NG(0.00)
2026-07-13,049,2026-07-13T12:01:37.180Z,NG,8052.0,Kamera / Webcam:OK(0.00);Object Detector:NG(0.00)
2026-07-13,050,2026-07-13T12:01:46.293Z,NG,9073.0,Kamera / Webcam:OK(0.00);Object Detector:NG(0.00)
2026-07-13,051,2026-07-13T12:01:55.380Z,NG,9047.0,Kamera / Webcam:OK(0.00);Object Detector:NG(0.00)
2026-07-13,052,2026-07-13T12:02:05.137Z,NG,9721.0,Kamera / Webcam:OK(0.00);Object Detector:NG(0.00)
2026-07-13,053,2026-07-13T12:02:13.865Z,NG,8692.0,Kamera / Webcam:OK(0.00);Object Detector:NG(0.00)
2026-07-13,054,2026-07-13T12:02:22.922Z,NG,9010.0,Kamera / Webcam:OK(0.00);Object Detector:NG(0.00)
2026-07-13,055,2026-07-13T12:02:32.005Z,NG,9046.0,Kamera / Webcam:OK(0.00);Object Detector:NG(0.00)
2026-07-13,056,2026-07-13T12:02:41.571Z,NG,9535.0,Kamera / Webcam:OK(0.00);Object Detector:NG(0.00)
2026-07-13,057,2026-07-13T12:02:50.785Z,NG,9154.0,Kamera / Webcam:OK(0.00);Object Detector:NG(0.00)
2026-07-13,058,2026-07-13T12:02:59.227Z,NG,8411.0,Kamera / Webcam:OK(0.00);Object Detector:NG(0.00)
2026-07-13,059,2026-07-13T12:03:08.102Z,NG,8839.0,Kamera / Webcam:OK(0.00);Object Detector:NG(0.00)
2026-07-13,060,2026-07-13T12:03:16.628Z,NG,8496.0,Kamera / Webcam:OK(0.00);Object Detector:NG(0.00)
2026-07-13,061,2026-07-13T12:03:25.317Z,NG,8656.0,Kamera / Webcam:OK(0.00);Object Detector:NG(0.00)
2026-07-13,062,2026-07-13T12:03:33.288Z,NG,7934.0,Kamera / Webcam:OK(0.00);Object Detector:NG(0.00)
2026-07-13,063,2026-07-13T12:03:42.220Z,NG,8896.0,Kamera / Webcam:OK(0.00);Object Detector:NG(0.00)
2026-07-13,064,2026-07-13T12:03:50.424Z,NG,8171.0,Kamera / Webcam:OK(0.00);Object Detector:NG(0.00)
2026-07-13,065,2026-07-13T12:03:59.758Z,NG,9287.0,Kamera / Webcam:OK(0.00);Object Detector:NG(0.00)
2026-07-13,066,2026-07-13T12:04:08.211Z,NG,8409.0,Kamera / Webcam:OK(0.00);Object Detector:NG(0.00)
2026-07-13,067,2026-07-13T12:04:17.219Z,NG,8971.0,Kamera / Webcam:OK(0.00);Object Detector:NG(0.00)
2026-07-13,068,2026-07-13T12:04:25.478Z,NG,8225.0,Kamera / Webcam:OK(0.00);Object Detector:NG(0.00)
2026-07-13,069,2026-07-13T12:04:34.298Z,NG,8782.0,Kamera / Webcam:OK(0.00);Object Detector:NG(0.00)
2026-07-13,070,2026-07-13T12:04:42.289Z,NG,7958.0,Kamera / Webcam:OK(0.00);Object Detector:NG(0.00)
2026-07-13,071,2026-07-13T12:04:51.230Z,NG,8898.0,Kamera / Webcam:OK(0.00);Object Detector:NG(0.00)
2026-07-13,072,2026-07-13T12:04:59.521Z,NG,8251.0,Kamera / Webcam:OK(0.00);Object Detector:NG(0.00)
2026-07-13,073,2026-07-13T12:05:08.982Z,NG,9430.0,Kamera / Webcam:OK(0.00);Object Detector:NG(0.00)
2026-07-13,074,2026-07-13T12:05:17.381Z,NG,8351.0,Kamera / Webcam:OK(0.00);Object Detector:NG(0.00)
2026-07-13,075,2026-07-13T12:05:26.497Z,NG,9079.0,Kamera / Webcam:OK(0.00);Object Detector:NG(0.00)
2026-07-13,076,2026-07-13T12:05:34.474Z,NG,7946.0,Kamera / Webcam:OK(0.00);Object Detector:NG(0.00)
2026-07-13,077,2026-07-13T12:05:43.139Z,NG,8633.0,Kamera / Webcam:OK(0.00);Object Detector:NG(0.00)
2026-07-13,078,2026-07-13T12:05:51.423Z,NG,8251.0,Kamera / Webcam:OK(0.00);Object Detector:NG(0.00)
2026-07-13,079,2026-07-13T12:06:00.889Z,NG,9429.0,Kamera / Webcam:OK(0.00);Object Detector:NG(0.00)
2026-07-13,080,2026-07-13T12:06:07.904Z,NG,6987.0,Kamera / Webcam:OK(0.00);Object Detector:NG(0.00)
2026-07-13,081,2026-07-13T12:06:15.029Z,NG,7080.0,Kamera / Webcam:OK(0.00);Object Detector:NG(0.00)
2026-07-13,082,2026-07-13T12:06:23.393Z,NG,8330.0,Kamera / Webcam:OK(0.00);Object Detector:NG(0.00)
2026-07-13,083,2026-07-13T12:06:30.449Z,NG,7018.0,Kamera / Webcam:OK(0.00);Object Detector:NG(0.00)
2026-07-13,084,2026-07-13T12:06:38.456Z,NG,7972.0,Kamera / Webcam:OK(0.00);Object Detector:NG(0.00)
2026-07-13,085,2026-07-13T12:06:45.613Z,NG,7123.0,Kamera / Webcam:OK(0.00);Object Detector:NG(0.00)
2026-07-13,086,2026-07-13T12:06:53.593Z,NG,7946.0,Kamera / Webcam:OK(0.00);Object Detector:NG(0.00)
2026-07-13,087,2026-07-13T12:07:00.625Z,NG,6999.0,Kamera / Webcam:OK(0.00);Object Detector:NG(0.00)
2026-07-13,088,2026-07-13T12:07:08.871Z,NG,8208.0,Kamera / Webcam:OK(0.00);Object Detector:NG(0.00)
2026-07-13,089,2026-07-13T12:07:16.145Z,NG,7246.0,Kamera / Webcam:OK(0.00);Object Detector:NG(0.00)
2026-07-13,090,2026-07-13T12:07:24.556Z,NG,8379.0,Kamera / Webcam:OK(0.00);Object Detector:NG(0.00)
2026-07-13,091,2026-07-13T12:07:31.648Z,NG,7064.0,Kamera / Webcam:OK(0.00);Object Detector:NG(0.00)
2026-07-13,092,2026-07-13T12:07:38.767Z,NG,7049.0,Kamera / Webcam:OK(0.00);Object Detector:NG(0.00)
2026-07-13,093,2026-07-13T12:07:46.665Z,NG,7866.0,Kamera / Webcam:OK(0.00);Object Detector:NG(0.00)
2026-07-13,094,2026-07-13T12:07:53.777Z,NG,7084.0,Kamera / Webcam:OK(0.00);Object Detector:NG(0.00)
2026-07-13,095,2026-07-13T12:08:01.980Z,NG,8173.0,Kamera / Webcam:OK(0.00);Object Detector:NG(0.00)
2026-07-13,096,2026-07-13T12:08:08.708Z,NG,6565.0,Kamera / Webcam:OK(0.00);Object Detector:NG(0.00)
2026-07-13,097,2026-07-13T12:08:16.107Z,NG,7364.0,Kamera / Webcam:OK(0.00);Object Detector:NG(0.00)
2026-07-13,098,2026-07-13T12:08:22.665Z,NG,6523.0,Kamera / Webcam:OK(0.00);Object Detector:NG(0.00)
2026-07-13,099,2026-07-13T12:08:30.451Z,NG,7761.0,Kamera / Webcam:OK(0.00);Object Detector:NG(0.00)
2026-07-13,100,2026-07-13T12:08:36.846Z,NG,6360.0,Kamera / Webcam:OK(0.00);Object Detector:NG(0.00)
2026-07-13,101,2026-07-13T12:08:44.180Z,NG,7308.0,Kamera / Webcam:OK(0.00);Object Detector:NG(0.00)
2026-07-13,102,2026-07-13T12:08:50.610Z,NG,6400.0,Kamera / Webcam:OK(0.00);Object Detector:NG(0.00)
2026-07-13,103,2026-07-13T12:13:39.105Z,NG,288469.0,Kamera / Webcam:OK(0.00);Object Detector:NG(0.00)
2026-07-13,104,2026-07-13T12:13:49.525Z,NG,10335.0,Kamera / Webcam:OK(0.00);Object Detector:NG(0.00)
2026-07-13,105,2026-07-13T12:13:58.351Z,NG,8769.0,Kamera / Webcam:OK(0.00);Object Detector:NG(0.00)
2026-07-13,106,2026-07-13T12:14:04.061Z,NG,7528.0,Kamera / Webcam:OK(0.00);Object Detector:NG(0.00)
2026-07-13,107,2026-07-13T12:14:11.967Z,NG,7861.0,Kamera / Webcam:OK(0.00);Object Detector:NG(0.00)
2026-07-13,108,2026-07-13T12:14:18.977Z,NG,6973.0,Kamera / Webcam:OK(0.00);Object Detector:NG(0.00)
2026-07-13,109,2026-07-13T12:14:28.646Z,NG,9633.0,Kamera / Webcam:OK(0.00);Object Detector:NG(0.00)
2026-07-13,110,2026-07-13T12:14:36.698Z,NG,8020.0,Kamera / Webcam:OK(0.00);Object Detector:NG(0.00)
2026-07-13,111,2026-07-13T12:14:52.017Z,NG,15278.0,Kamera / Webcam:OK(0.00);Object Detector:NG(0.00)
2026-07-13,112,2026-07-13T12:15:03.811Z,NG,11718.0,Kamera / Webcam:OK(0.00);Object Detector:NG(0.00)
2026-07-13,113,2026-07-13T12:15:13.543Z,NG,9691.0,Kamera / Webcam:OK(0.00);Object Detector:NG(0.00)
2026-07-13,114,2026-07-13T12:15:21.572Z,NG,7992.0,Kamera / Webcam:OK(0.00);Object Detector:NG(0.00)
2026-07-13,115,2026-07-13T12:15:29.631Z,NG,8023.0,Kamera / Webcam:OK(0.00);Object Detector:NG(0.00)
2026-07-13,116,2026-07-13T12:15:36.892Z,NG,7231.0,Kamera / Webcam:OK(0.00);Object Detector:NG(0.00)
2026-07-13,117,2026-07-13T12:15:45.937Z,NG,9008.0,Kamera / Webcam:OK(0.00);Object Detector:NG(0.00)
2026-07-13,118,2026-07-13T12:15:53.469Z,NG,7501.0,Kamera / Webcam:OK(0.00);Object Detector:NG(0.00)
2026-07-13,119,2026-07-13T12:16:01.875Z,NG,8372.0,Kamera / Webcam:OK(0.00);Object Detector:NG(0.00)
2026-07-13,120,2026-07-13T12:16:09.868Z,NG,7957.0,Kamera / Webcam:OK(0.00);Object Detector:NG(0.00)
2026-07-13,121,2026-07-13T12:16:17.941Z,NG,8038.0,Kamera / Webcam:OK(0.00);Object Detector:NG(0.00)
2026-07-13,122,2026-07-13T12:16:33.760Z,OK,15787.0,Kamera / Webcam:OK(0.00);Object Detector:OK(0.33);Socket Measurement:OK(0.30);Sinyal Arduino/PLC:OK(0.00);Simpan Gambar:OK(0.00)
2026-07-13,123,2026-07-13T12:16:49.808Z,OK,15987.0,Kamera / Webcam:OK(0.00);Object Detector:OK(0.36);Socket Measurement:OK(0.27);Sinyal Arduino/PLC:OK(0.00);Simpan Gambar:OK(0.00)
2026-07-13,124,2026-07-13T12:17:05.292Z,OK,15444.0,Kamera / Webcam:OK(0.00);Object Detector:OK(0.31);Socket Measurement:OK(0.20);Sinyal Arduino/PLC:OK(0.00);Simpan Gambar:OK(0.00)
2026-07-13,125,2026-07-13T12:17:12.290Z,NG,6967.0,Kamera / Webcam:OK(0.00);Object Detector:NG(0.00)
2026-07-13,126,2026-07-13T12:17:20.104Z,NG,7774.0,Kamera / Webcam:OK(0.00);Object Detector:NG(0.00)
2026-07-13,127,2026-07-13T12:17:34.694Z,OK,14561.0,Kamera / Webcam:OK(0.00);Object Detector:OK(0.51);Socket Measurement:OK(0.21);Sinyal Arduino/PLC:OK(0.00);Simpan Gambar:OK(0.00)
2026-07-13,128,2026-07-13T12:17:41.679Z,NG,6951.0,Kamera / Webcam:OK(0.00);Object Detector:NG(0.00)
2026-07-13,129,2026-07-13T12:17:56.578Z,OK,14868.0,Kamera / Webcam:OK(0.00);Object Detector:OK(0.54);Socket Measurement:OK(0.23);Sinyal Arduino/PLC:OK(0.00);Simpan Gambar:OK(0.00)
2026-07-13,130,2026-07-13T12:18:17.594Z,OK,14943.0,Kamera / Webcam:OK(0.00);Object Detector:OK(0.66);Socket Measurement:OK(0.50);Sinyal Arduino/PLC:OK(0.00);Simpan Gambar:OK(0.00)
2026-07-13,131,2026-07-13T12:18:32.564Z,OK,14927.0,Kamera / Webcam:OK(0.00);Object Detector:OK(0.61);Socket Measurement:OK(0.50);Sinyal Arduino/PLC:OK(0.00);Simpan Gambar:OK(0.00)
2026-07-13,132,2026-07-13T12:18:47.093Z,OK,14498.0,Kamera / Webcam:OK(0.00);Object Detector:OK(0.65);Socket Measurement:OK(0.52);Sinyal Arduino/PLC:OK(0.00);Simpan Gambar:OK(0.00)
2026-07-13,133,2026-07-13T12:18:53.550Z,NG,6410.0,Kamera / Webcam:OK(0.00);Object Detector:NG(0.00)
2026-07-13,134,2026-07-13T12:19:00.864Z,NG,7287.0,Kamera / Webcam:OK(0.00);Object Detector:NG(0.00)
2026-07-13,135,2026-07-13T12:19:07.246Z,NG,6355.0,Kamera / Webcam:OK(0.00);Object Detector:NG(0.00)
2026-07-13,136,2026-07-13T12:19:15.213Z,NG,7939.0,Kamera / Webcam:OK(0.00);Object Detector:NG(0.00)
2026-07-13,137,2026-07-13T12:19:39.510Z,NG,6954.0,Kamera / Webcam:OK(0.00);Object Detector:NG(0.00)
2026-07-13,138,2026-07-13T12:19:47.444Z,NG,7901.0,Kamera / Webcam:OK(0.00);Object Detector:NG(0.00)
2026-07-13,139,2026-07-13T12:19:54.298Z,NG,6820.0,Kamera / Webcam:OK(0.00);Object Detector:NG(0.00)
2026-07-13,140,2026-07-13T12:20:02.166Z,NG,7835.0,Kamera / Webcam:OK(0.00);Object Detector:NG(0.00)
2026-07-13,141,2026-07-13T12:20:08.992Z,NG,6798.0,Kamera / Webcam:OK(0.00);Object Detector:NG(0.00)
2026-07-13,142,2026-07-13T12:20:16.883Z,NG,7853.0,Kamera / Webcam:OK(0.00);Object Detector:NG(0.00)
2026-07-13,143,2026-07-13T12:20:24.241Z,NG,7049.0,Kamera / Webcam:OK(0.00);Object Detector:NG(0.00)
2026-07-13,144,2026-07-13T12:20:31.989Z,NG,7711.0,Kamera / Webcam:OK(0.00);Object Detector:NG(0.00)
2026-07-13,145,2026-07-13T12:20:38.825Z,NG,6806.0,Kamera / Webcam:OK(0.00);Object Detector:NG(0.00)
2026-07-13,146,2026-07-13T12:20:46.640Z,NG,7784.0,Kamera / Webcam:OK(0.00);Object Detector:NG(0.00)
2026-07-13,147,2026-07-13T12:20:53.614Z,NG,6942.0,Kamera / Webcam:OK(0.00);Object Detector:NG(0.00)
2026-07-13,148,2026-07-13T12:21:01.690Z,NG,8046.0,Kamera / Webcam:OK(0.00);Object Detector:NG(0.00)
2026-07-13,149,2026-07-13T12:21:08.670Z,NG,6949.0,Kamera / Webcam:OK(0.00);Object Detector:NG(0.00)
2026-07-13,150,2026-07-13T12:21:16.487Z,NG,7784.0,Kamera / Webcam:OK(0.00);Object Detector:NG(0.00)
2026-07-13,151,2026-07-13T12:21:23.601Z,NG,7088.0,Kamera / Webcam:OK(0.00);Object Detector:NG(0.00)
2026-07-13,152,2026-07-13T12:38:20.005Z,OK,10164.0,Kamera / Webcam:OK(0.00);Object Detector:OK(0.52);Socket Measurement:OK(0.00);Sinyal Arduino/PLC:OK(0.00);Simpan Gambar:OK(0.00)
2026-07-13,153,2026-07-13T12:38:26.971Z,NG,6901.0,Kamera / Webcam:OK(0.00);Object Detector:NG(0.00)
2026-07-13,154,2026-07-13T12:38:33.700Z,NG,6671.0,Kamera / Webcam:OK(0.00);Object Detector:NG(0.00)
2026-07-13,155,2026-07-13T12:38:41.461Z,NG,7727.0,Kamera / Webcam:OK(0.00);Object Detector:NG(0.00)
2026-07-13,156,2026-07-13T12:38:48.360Z,NG,6869.0,Kamera / Webcam:OK(0.00);Object Detector:NG(0.00)
2026-07-13,157,2026-07-13T12:38:55.934Z,NG,7545.0,Kamera / Webcam:OK(0.00);Object Detector:NG(0.00)
2026-07-13,158,2026-07-13T12:39:02.841Z,NG,6874.0,Kamera / Webcam:OK(0.00);Object Detector:NG(0.00)
2026-07-13,159,2026-07-13T12:39:12.506Z,NG,9639.0,Kamera / Webcam:OK(0.00);Object Detector:NG(0.00)
2026-07-13,160,2026-07-13T12:39:20.164Z,NG,7625.0,Kamera / Webcam:OK(0.00);Object Detector:NG(0.00)
2026-07-13,161,2026-07-13T12:39:28.591Z,NG,8397.0,Kamera / Webcam:OK(0.00);Object Detector:NG(0.00)
2026-07-13,162,2026-07-13T12:39:35.876Z,NG,7252.0,Kamera / Webcam:OK(0.00);Object Detector:NG(0.00)
2026-07-13,163,2026-07-13T12:39:44.333Z,NG,8423.0,Kamera / Webcam:OK(0.00);Object Detector:NG(0.00)
2026-07-13,164,2026-07-13T12:39:51.618Z,NG,7258.0,Kamera / Webcam:OK(0.00);Object Detector:NG(0.00)
2026-07-13,165,2026-07-13T12:39:59.877Z,NG,8225.0,Kamera / Webcam:OK(0.00);Object Detector:NG(0.00)
2026-07-13,166,2026-07-13T12:40:07.752Z,NG,7844.0,Kamera / Webcam:OK(0.00);Object Detector:NG(0.00)
2026-07-13,167,2026-07-13T12:40:16.526Z,NG,8739.0,Kamera / Webcam:OK(0.00);Object Detector:NG(0.00)
2026-07-13,168,2026-07-13T12:40:23.600Z,NG,7042.0,Kamera / Webcam:OK(0.00);Object Detector:NG(0.00)
2026-07-13,169,2026-07-13T12:40:34.334Z,NG,10704.0,Kamera / Webcam:OK(0.00);Object Detector:NG(0.00)
2026-07-13,170,2026-07-13T12:40:47.494Z,NG,13108.0,Kamera / Webcam:OK(0.00);Object Detector:NG(0.00)
2026-07-13,171,2026-07-13T12:41:03.136Z,NG,15589.0,Kamera / Webcam:OK(0.00);Object Detector:NG(0.00)
2026-07-13,172,2026-07-13T12:41:15.714Z,NG,12391.0,Kamera / Webcam:OK(0.00);Object Detector:NG(0.00)
2026-07-13,173,2026-07-13T12:41:26.614Z,NG,10858.0,Kamera / Webcam:OK(0.00);Object Detector:NG(0.00)
2026-07-13,174,2026-07-13T12:41:38.236Z,NG,11586.0,Kamera / Webcam:OK(0.00);Object Detector:NG(0.00)
2026-07-13,175,2026-07-13T12:41:50.516Z,NG,12234.0,Kamera / Webcam:OK(0.00);Object Detector:NG(0.00)
2026-07-13,176,2026-07-13T12:42:00.234Z,NG,9680.0,Kamera / Webcam:OK(0.00);Object Detector:NG(0.00)
2026-07-13,177,2026-07-13T12:42:10.353Z,NG,10072.0,Kamera / Webcam:OK(0.00);Object Detector:NG(0.00)
2026-07-13,178,2026-07-13T12:42:19.725Z,NG,9334.0,Kamera / Webcam:OK(0.00);Object Detector:NG(0.00)
2026-07-13,179,2026-07-13T12:42:30.389Z,NG,10616.0,Kamera / Webcam:OK(0.00);Object Detector:NG(0.00)
2026-07-13,180,2026-07-13T12:42:40.254Z,NG,9824.0,Kamera / Webcam:OK(0.00);Object Detector:NG(0.00)
2026-07-13,181,2026-07-13T12:42:50.767Z,NG,10472.0,Kamera / Webcam:OK(0.00);Object Detector:NG(0.00)
2026-07-13,182,2026-07-13T12:42:58.978Z,NG,8174.0,Kamera / Webcam:OK(0.00);Object Detector:NG(0.00)
2026-07-13,183,2026-07-13T12:43:07.768Z,NG,8753.0,Kamera / Webcam:OK(0.00);Object Detector:NG(0.00)
2026-07-13,184,2026-07-13T12:43:15.463Z,NG,7661.0,Kamera / Webcam:OK(0.00);Object Detector:NG(0.00)
2026-07-13,185,2026-07-13T12:43:24.744Z,NG,9242.0,Kamera / Webcam:OK(0.00);Object Detector:NG(0.00)
2026-07-13,176,2026-07-13T12:50:12.442Z,NG,8702.0,Kamera / Webcam:OK(0.00);Object Detector:NG(0.00)
2026-07-13,177,2026-07-13T12:50:19.453Z,NG,6971.0,Kamera / Webcam:OK(0.00);Object Detector:NG(0.00)
2026-07-13,178,2026-07-13T12:50:25.766Z,NG,6279.0,Kamera / Webcam:OK(0.00);Object Detector:NG(0.00)
2026-07-13,179,2026-07-13T12:50:33.416Z,NG,7620.0,Kamera / Webcam:OK(0.00);Object Detector:NG(0.00)
2026-07-13,180,2026-07-13T12:50:39.528Z,NG,6087.0,Kamera / Webcam:OK(0.00);Object Detector:NG(0.00)
2026-07-13,181,2026-07-13T12:50:46.960Z,OK,7406.0,Kamera / Webcam:OK(0.00);Object Detector:OK(0.48);Socket Measurement:OK(0.00);Sinyal Arduino/PLC:OK(0.00);Simpan Gambar:OK(0.00)
2026-07-13,182,2026-07-13T12:51:00.509Z,OK,13501.0,Kamera / Webcam:OK(0.00);Object Detector:OK(0.48);Socket Measurement:OK(0.22);Sinyal Arduino/PLC:OK(0.00);Simpan Gambar:OK(0.00)
2026-07-13,183,2026-07-13T12:51:06.908Z,OK,6338.0,Kamera / Webcam:OK(0.00);Object Detector:OK(0.36);Socket Measurement:OK(0.00);Sinyal Arduino/PLC:OK(0.00);Simpan Gambar:OK(0.00)
2026-07-13,184,2026-07-13T12:51:15.426Z,NG,8491.0,Kamera / Webcam:OK(0.00);Object Detector:NG(0.00)
2026-07-13,185,2026-07-13T12:51:22.769Z,NG,7305.0,Kamera / Webcam:OK(0.00);Object Detector:NG(0.00)
2026-07-13,186,2026-07-13T12:51:30.301Z,NG,7502.0,Kamera / Webcam:OK(0.00);Object Detector:NG(0.00)
2026-07-13,187,2026-07-13T12:51:36.628Z,NG,6300.0,Kamera / Webcam:OK(0.00);Object Detector:NG(0.00)
2026-07-13,188,2026-07-13T12:51:44.548Z,NG,7891.0,Kamera / Webcam:OK(0.00);Object Detector:NG(0.00)
2026-07-13,189,2026-07-13T12:51:51.004Z,NG,6422.0,Kamera / Webcam:OK(0.00);Object Detector:NG(0.00)
2026-07-13,190,2026-07-13T12:51:58.314Z,NG,7278.0,Kamera / Webcam:OK(0.00);Object Detector:NG(0.00)
2026-07-13,191,2026-07-13T12:52:04.818Z,NG,6477.0,Kamera / Webcam:OK(0.00);Object Detector:NG(0.00)
2026-07-13,192,2026-07-13T12:52:12.121Z,NG,7274.0,Kamera / Webcam:OK(0.00);Object Detector:NG(0.00)
2026-07-13,193,2026-07-13T12:52:18.857Z,NG,6702.0,Kamera / Webcam:OK(0.00);Object Detector:NG(0.00)
2026-07-13,194,2026-07-13T12:52:26.540Z,NG,7648.0,Kamera / Webcam:OK(0.00);Object Detector:NG(0.00)
2026-07-13,195,2026-07-13T12:52:33.072Z,NG,6496.0,Kamera / Webcam:OK(0.00);Object Detector:NG(0.00)
2026-07-13,196,2026-07-13T12:52:40.243Z,NG,7137.0,Kamera / Webcam:OK(0.00);Object Detector:NG(0.00)
2026-07-13,197,2026-07-13T12:52:46.571Z,NG,6301.0,Kamera / Webcam:OK(0.00);Object Detector:NG(0.00)
2026-07-13,198,2026-07-13T12:52:53.852Z,NG,7249.0,Kamera / Webcam:OK(0.00);Object Detector:NG(0.00)
2026-07-13,199,2026-07-13T12:53:00.001Z,NG,6114.0,Kamera / Webcam:OK(0.00);Object Detector:NG(0.00)
2026-07-13,200,2026-07-13T12:53:07.378Z,NG,7342.0,Kamera / Webcam:OK(0.00);Object Detector:NG(0.00)
2026-07-13,201,2026-07-13T12:53:13.785Z,NG,6379.0,Kamera / Webcam:OK(0.00);Object Detector:NG(0.00)
2026-07-13,202,2026-07-13T12:53:21.259Z,NG,7437.0,Kamera / Webcam:OK(0.00);Object Detector:NG(0.00)
2026-07-13,203,2026-07-13T12:53:27.657Z,NG,6369.0,Kamera / Webcam:OK(0.00);Object Detector:NG(0.00)
2026-07-13,204,2026-07-13T12:53:35.362Z,NG,7674.0,Kamera / Webcam:OK(0.00);Object Detector:NG(0.00)
2026-07-13,205,2026-07-13T12:53:41.795Z,NG,6401.0,Kamera / Webcam:OK(0.00);Object Detector:NG(0.00)
2026-07-13,206,2026-07-13T12:53:49.340Z,NG,7515.0,Kamera / Webcam:OK(0.00);Object Detector:NG(0.00)
2026-07-13,207,2026-07-13T12:53:55.668Z,NG,6296.0,Kamera / Webcam:OK(0.00);Object Detector:NG(0.00)
2026-07-13,208,2026-07-13T12:54:07.263Z,NG,11568.0,Kamera / Webcam:OK(0.00);Object Detector:NG(0.00)
2026-07-13,209,2026-07-13T12:54:14.742Z,NG,7445.0,Kamera / Webcam:OK(0.00);Object Detector:NG(0.00)
2026-07-13,210,2026-07-13T12:54:23.011Z,NG,8231.0,Kamera / Webcam:OK(0.00);Object Detector:NG(0.00)
2026-07-13,211,2026-07-13T12:54:29.501Z,NG,6461.0,Kamera / Webcam:OK(0.00);Object Detector:NG(0.00)
2026-07-13,212,2026-07-13T12:54:36.895Z,NG,7364.0,Kamera / Webcam:OK(0.00);Object Detector:NG(0.00)
2026-07-13,213,2026-07-13T12:54:43.975Z,NG,7051.0,Kamera / Webcam:OK(0.00);Object Detector:NG(0.00)
2026-07-13,214,2026-07-13T12:54:51.473Z,NG,7466.0,Kamera / Webcam:OK(0.00);Object Detector:NG(0.00)
2026-07-13,215,2026-07-13T12:54:58.153Z,NG,6650.0,Kamera / Webcam:OK(0.00);Object Detector:NG(0.00)
2026-07-13,216,2026-07-13T12:55:05.510Z,NG,7322.0,Kamera / Webcam:OK(0.00);Object Detector:NG(0.00)
2026-07-13,217,2026-07-13T12:55:12.019Z,NG,6481.0,Kamera / Webcam:OK(0.00);Object Detector:NG(0.00)
2026-07-13,218,2026-07-13T12:55:19.711Z,NG,7663.0,Kamera / Webcam:OK(0.00);Object Detector:NG(0.00)
2026-07-13,219,2026-07-13T12:55:26.582Z,NG,6842.0,Kamera / Webcam:OK(0.00);Object Detector:NG(0.00)
2026-07-13,220,2026-07-13T12:55:34.411Z,NG,7800.0,Kamera / Webcam:OK(0.00);Object Detector:NG(0.00)
2026-07-13,221,2026-07-13T12:55:41.032Z,NG,6593.0,Kamera / Webcam:OK(0.00);Object Detector:NG(0.00)
2026-07-13,222,2026-07-13T12:55:48.734Z,NG,7672.0,Kamera / Webcam:OK(0.00);Object Detector:NG(0.00)
2026-07-13,223,2026-07-13T12:55:55.355Z,NG,6593.0,Kamera / Webcam:OK(0.00);Object Detector:NG(0.00)
2026-07-13,224,2026-07-13T12:56:03.170Z,NG,7787.0,Kamera / Webcam:OK(0.00);Object Detector:NG(0.00)
2026-07-13,225,2026-07-13T12:56:10.071Z,NG,6875.0,Kamera / Webcam:OK(0.00);Object Detector:NG(0.00)
2026-07-13,226,2026-07-13T12:56:17.963Z,NG,7859.0,Kamera / Webcam:OK(0.00);Object Detector:NG(0.00)
2026-07-13,227,2026-07-13T12:56:25.134Z,NG,7143.0,Kamera / Webcam:OK(0.00);Object Detector:NG(0.00)
2026-07-13,228,2026-07-13T12:56:33.148Z,NG,7976.0,Kamera / Webcam:OK(0.00);Object Detector:NG(0.00)
2026-07-13,229,2026-07-13T12:56:39.803Z,NG,6623.0,Kamera / Webcam:OK(0.00);Object Detector:NG(0.00)
2026-07-13,230,2026-07-13T12:56:47.366Z,NG,7533.0,Kamera / Webcam:OK(0.00);Object Detector:NG(0.00)
2026-07-13,231,2026-07-13T12:56:54.214Z,NG,6819.0,Kamera / Webcam:OK(0.00);Object Detector:NG(0.00)
2026-07-13,232,2026-07-13T12:57:01.936Z,NG,7689.0,Kamera / Webcam:OK(0.00);Object Detector:NG(0.00)
2026-07-13,233,2026-07-13T12:57:08.488Z,NG,6522.0,Kamera / Webcam:OK(0.00);Object Detector:NG(0.00)
2026-07-13,234,2026-07-13T12:57:16.215Z,NG,7695.0,Kamera / Webcam:OK(0.00);Object Detector:NG(0.00)
2026-07-13,235,2026-07-13T12:57:22.807Z,NG,6564.0,Kamera / Webcam:OK(0.00);Object Detector:NG(0.00)
2026-07-13,236,2026-07-13T12:57:30.202Z,NG,7359.0,Kamera / Webcam:OK(0.00);Object Detector:NG(0.00)
2026-07-13,237,2026-07-13T12:57:36.432Z,NG,6204.0,Kamera / Webcam:OK(0.00);Object Detector:NG(0.00)
2026-07-13,238,2026-07-13T12:57:44.209Z,NG,7744.0,Kamera / Webcam:OK(0.00);Object Detector:NG(0.00)
2026-07-13,239,2026-07-13T12:57:50.607Z,NG,6372.0,Kamera / Webcam:OK(0.00);Object Detector:NG(0.00)
2026-07-13,240,2026-07-13T12:57:58.015Z,NG,7380.0,Kamera / Webcam:OK(0.00);Object Detector:NG(0.00)
2026-07-13,241,2026-07-13T12:58:05.483Z,NG,7432.0,Kamera / Webcam:OK(0.00);Object Detector:NG(0.00)
2026-07-13,242,2026-07-13T12:58:13.351Z,NG,7836.0,Kamera / Webcam:OK(0.00);Object Detector:NG(0.00)
2026-07-13,243,2026-07-13T12:58:20.095Z,NG,6715.0,Kamera / Webcam:OK(0.00);Object Detector:NG(0.00)
2026-07-13,244,2026-07-13T12:58:27.807Z,NG,7682.0,Kamera / Webcam:OK(0.00);Object Detector:NG(0.00)
2026-07-13,245,2026-07-13T12:58:35.011Z,NG,7176.0,Kamera / Webcam:OK(0.00);Object Detector:NG(0.00)
2026-07-13,246,2026-07-13T12:58:43.077Z,NG,8032.0,Kamera / Webcam:OK(0.00);Object Detector:NG(0.00)
2026-07-13,247,2026-07-13T12:58:49.326Z,NG,6218.0,Kamera / Webcam:OK(0.00);Object Detector:NG(0.00)
2026-07-13,248,2026-07-13T12:58:56.181Z,NG,6823.0,Kamera / Webcam:OK(0.00);Object Detector:NG(0.00)
2026-07-13,246,2026-07-13T13:00:18.051Z,NG,6232.0,Kamera / Webcam:OK(0.00);Object Detector:NG(0.00)
2026-07-13,247,2026-07-13T13:00:25.121Z,NG,7027.0,Kamera / Webcam:OK(0.00);Object Detector:NG(0.00)
2026-07-13,248,2026-07-13T13:00:31.359Z,NG,6212.0,Kamera / Webcam:OK(0.00);Object Detector:NG(0.00)
2026-07-13,249,2026-07-13T13:00:38.459Z,NG,7077.0,Kamera / Webcam:OK(0.00);Object Detector:NG(0.00)
2026-07-13,250,2026-07-13T13:00:44.810Z,NG,6322.0,Kamera / Webcam:OK(0.00);Object Detector:NG(0.00)
2026-07-13,251,2026-07-13T13:00:51.996Z,NG,7154.0,Kamera / Webcam:OK(0.00);Object Detector:NG(0.00)
2026-07-13,252,2026-07-13T13:00:58.252Z,NG,6230.0,Kamera / Webcam:OK(0.00);Object Detector:NG(0.00)
2026-07-13,253,2026-07-13T13:01:05.231Z,NG,6951.0,Kamera / Webcam:OK(0.00);Object Detector:NG(0.00)
2026-07-13,254,2026-07-13T13:01:11.514Z,NG,6251.0,Kamera / Webcam:OK(0.00);Object Detector:NG(0.00)
2026-07-13,255,2026-07-13T13:01:18.969Z,NG,7431.0,Kamera / Webcam:OK(0.00);Object Detector:NG(0.00)
2026-07-13,256,2026-07-13T13:01:25.501Z,NG,6509.0,Kamera / Webcam:OK(0.00);Object Detector:NG(0.00)
2026-07-13,257,2026-07-13T13:01:32.805Z,OK,7271.0,Kamera / Webcam:OK(0.00);Object Detector:OK(0.21);Socket Measurement:OK(0.00);Sinyal Arduino/PLC:OK(0.00);Simpan Gambar:OK(0.00)
2026-07-13,258,2026-07-13T13:01:39.111Z,NG,6241.0,Kamera / Webcam:OK(0.00);Object Detector:NG(0.00)
2026-07-13,259,2026-07-13T13:01:46.537Z,NG,7389.0,Kamera / Webcam:OK(0.00);Object Detector:NG(0.00)
2026-07-13,260,2026-07-13T13:01:53.201Z,NG,6632.0,Kamera / Webcam:OK(0.00);Object Detector:NG(0.00)
2026-07-13,261,2026-07-13T13:02:01.182Z,NG,7949.0,Kamera / Webcam:OK(0.00);Object Detector:NG(0.00)
2026-07-13,262,2026-07-13T13:02:09.685Z,NG,8472.0,Kamera / Webcam:OK(0.00);Object Detector:NG(0.00)
2026-07-13,263,2026-07-13T13:02:18.986Z,NG,9260.0,Kamera / Webcam:OK(0.00);Object Detector:NG(0.00)
2026-07-13,264,2026-07-13T13:02:29.918Z,NG,10870.0,Kamera / Webcam:OK(0.00);Object Detector:NG(0.00)
2026-07-13,265,2026-07-13T13:02:37.927Z,NG,7975.0,Kamera / Webcam:OK(0.00);Object Detector:NG(0.00)
2026-07-13,266,2026-07-13T13:02:44.333Z,NG,6374.0,Kamera / Webcam:OK(0.00);Object Detector:NG(0.00)
2026-07-13,267,2026-07-13T13:02:51.762Z,NG,7398.0,Kamera / Webcam:OK(0.00);Object Detector:NG(0.00)
2026-07-13,268,2026-07-13T13:02:58.519Z,NG,6724.0,Kamera / Webcam:OK(0.00);Object Detector:NG(0.00)
2026-07-13,269,2026-07-13T13:03:06.009Z,NG,7461.0,Kamera / Webcam:OK(0.00);Object Detector:NG(0.00)
2026-07-13,270,2026-07-13T13:03:13.255Z,NG,7217.0,Kamera / Webcam:OK(0.00);Object Detector:NG(0.00)
2026-07-13,271,2026-07-13T13:03:20.778Z,NG,7492.0,Kamera / Webcam:OK(0.00);Object Detector:NG(0.00)
2026-07-13,272,2026-07-13T13:03:30.944Z,NG,10138.0,Kamera / Webcam:OK(0.00);Object Detector:NG(0.00)
2026-07-13,273,2026-07-13T13:03:43.066Z,NG,12064.0,Kamera / Webcam:OK(0.00);Object Detector:NG(0.00)
2026-07-13,274,2026-07-13T13:03:53.419Z,NG,10314.0,Kamera / Webcam:OK(0.00);Object Detector:NG(0.00)
2026-07-13,275,2026-07-13T13:04:01.542Z,NG,8088.0,Kamera / Webcam:OK(0.00);Object Detector:NG(0.00)
2026-07-13,276,2026-07-13T13:04:08.296Z,NG,6714.0,Kamera / Webcam:OK(0.00);Object Detector:NG(0.00)
2026-07-13,277,2026-07-13T13:04:16.517Z,NG,8185.0,Kamera / Webcam:OK(0.00);Object Detector:NG(0.00)
2026-07-13,278,2026-07-13T13:04:24.010Z,NG,7460.0,Kamera / Webcam:OK(0.00);Object Detector:NG(0.00)
2026-07-13,279,2026-07-13T13:04:32.768Z,NG,8727.0,Kamera / Webcam:OK(0.00);Object Detector:NG(0.00)
2026-07-13,280,2026-07-13T13:04:40.218Z,NG,7416.0,Kamera / Webcam:OK(0.00);Object Detector:NG(0.00)
2026-07-13,281,2026-07-13T13:04:48.167Z,NG,7910.0,Kamera / Webcam:OK(0.00);Object Detector:NG(0.00)
2026-07-13,282,2026-07-13T13:04:54.875Z,NG,6681.0,Kamera / Webcam:OK(0.00);Object Detector:NG(0.00)
2026-07-13,283,2026-07-13T13:05:02.896Z,NG,7984.0,Kamera / Webcam:OK(0.00);Object Detector:NG(0.00)
2026-07-13,284,2026-07-13T13:05:10.077Z,NG,7145.0,Kamera / Webcam:OK(0.00);Object Detector:NG(0.00)
2026-07-13,285,2026-07-13T13:05:18.142Z,NG,8024.0,Kamera / Webcam:OK(0.00);Object Detector:NG(0.00)
2026-07-13,286,2026-07-13T13:05:24.700Z,NG,6525.0,Kamera / Webcam:OK(0.00);Object Detector:NG(0.00)
2026-07-13,287,2026-07-13T13:05:32.569Z,NG,7839.0,Kamera / Webcam:OK(0.00);Object Detector:NG(0.00)
2026-07-13,288,2026-07-13T13:05:39.129Z,NG,6530.0,Kamera / Webcam:OK(0.00);Object Detector:NG(0.00)
2026-07-13,289,2026-07-13T13:05:46.894Z,NG,7731.0,Kamera / Webcam:OK(0.00);Object Detector:NG(0.00)
2026-07-13,290,2026-07-13T13:05:53.821Z,NG,6889.0,Kamera / Webcam:OK(0.00);Object Detector:NG(0.00)
2026-07-13,291,2026-07-13T13:06:01.832Z,NG,7980.0,Kamera / Webcam:OK(0.00);Object Detector:NG(0.00)
2026-07-13,292,2026-07-13T13:06:08.839Z,NG,6971.0,Kamera / Webcam:OK(0.00);Object Detector:NG(0.00)
2026-07-13,293,2026-07-13T13:06:17.277Z,NG,8405.0,Kamera / Webcam:OK(0.00);Object Detector:NG(0.00)
2026-07-13,294,2026-07-13T13:06:24.928Z,NG,7618.0,Kamera / Webcam:OK(0.00);Object Detector:NG(0.00)
2026-07-13,295,2026-07-13T13:06:32.927Z,NG,7964.0,Kamera / Webcam:OK(0.00);Object Detector:NG(0.00)
2026-07-13,296,2026-07-13T13:06:40.073Z,NG,7114.0,Kamera / Webcam:OK(0.00);Object Detector:NG(0.00)
2026-07-13,297,2026-07-13T13:06:48.277Z,NG,8171.0,Kamera / Webcam:OK(0.00);Object Detector:NG(0.00)
2026-07-13,298,2026-07-13T13:06:55.044Z,NG,6736.0,Kamera / Webcam:OK(0.00);Object Detector:NG(0.00)
2026-07-13,299,2026-07-13T13:07:03.522Z,NG,8423.0,Kamera / Webcam:OK(0.00);Object Detector:NG(0.00)
2026-07-13,300,2026-07-13T13:07:11.772Z,NG,8212.0,Kamera / Webcam:OK(0.00);Object Detector:NG(0.00)
2026-07-13,301,2026-07-13T13:07:17.924Z,NG,6120.0,Kamera / Webcam:OK(0.00);Object Detector:NG(0.00)
2026-07-13,302,2026-07-13T13:07:25.022Z,NG,7068.0,Kamera / Webcam:OK(0.00);Object Detector:NG(0.00)
2026-07-13,303,2026-07-13T13:07:31.473Z,NG,6423.0,Kamera / Webcam:OK(0.00);Object Detector:NG(0.00)
2026-07-13,304,2026-07-13T13:07:38.469Z,NG,6965.0,Kamera / Webcam:OK(0.00);Object Detector:NG(0.00)
2026-07-13,305,2026-07-13T13:07:44.548Z,NG,6049.0,Kamera / Webcam:OK(0.00);Object Detector:NG(0.00)
2026-07-13,306,2026-07-13T13:07:51.720Z,NG,7143.0,Kamera / Webcam:OK(0.00);Object Detector:NG(0.00)
2026-07-13,307,2026-07-13T13:07:57.898Z,NG,6150.0,Kamera / Webcam:OK(0.00);Object Detector:NG(0.00)
2026-07-13,308,2026-07-13T13:08:05.174Z,NG,7247.0,Kamera / Webcam:OK(0.00);Object Detector:NG(0.00)
2026-07-13,309,2026-07-13T13:08:11.470Z,NG,6269.0,Kamera / Webcam:OK(0.00);Object Detector:NG(0.00)
2026-07-13,310,2026-07-13T13:08:18.441Z,NG,6935.0,Kamera / Webcam:OK(0.00);Object Detector:NG(0.00)
2026-07-13,311,2026-07-13T13:08:24.411Z,NG,5936.0,Kamera / Webcam:OK(0.00);Object Detector:NG(0.00)
2026-07-13,312,2026-07-13T13:08:31.287Z,NG,6843.0,Kamera / Webcam:OK(0.00);Object Detector:NG(0.00)
2026-07-13,313,2026-07-13T13:08:41.428Z,NG,10106.0,Kamera / Webcam:OK(0.00);Object Detector:NG(0.00)
2026-07-13,314,2026-07-13T13:08:53.572Z,NG,12107.0,Kamera / Webcam:OK(0.00);Object Detector:NG(0.00)
2026-07-13,315,2026-07-13T13:09:01.180Z,NG,7571.0,Kamera / Webcam:OK(0.00);Object Detector:NG(0.00)
2026-07-13,316,2026-07-13T13:09:09.333Z,NG,8117.0,Kamera / Webcam:OK(0.00);Object Detector:NG(0.00)
2026-07-13,317,2026-07-13T13:09:17.346Z,NG,7980.0,Kamera / Webcam:OK(0.00);Object Detector:NG(0.00)
2026-07-13,318,2026-07-13T13:09:25.238Z,NG,7854.0,Kamera / Webcam:OK(0.00);Object Detector:NG(0.00)
2026-07-13,319,2026-07-13T13:09:32.515Z,NG,7251.0,Kamera / Webcam:OK(0.00);Object Detector:NG(0.00)
2026-07-13,320,2026-07-13T13:09:40.028Z,NG,7482.0,Kamera / Webcam:OK(0.00);Object Detector:NG(0.00)
2026-07-13,321,2026-07-13T13:09:46.228Z,NG,6171.0,Kamera / Webcam:OK(0.00);Object Detector:NG(0.00)
2026-07-13,322,2026-07-13T13:09:53.378Z,NG,7121.0,Kamera / Webcam:OK(0.00);Object Detector:NG(0.00)
2026-07-13,323,2026-07-13T13:09:59.789Z,NG,6383.0,Kamera / Webcam:OK(0.00);Object Detector:NG(0.00)
2026-07-13,324,2026-07-13T13:10:07.153Z,NG,7334.0,Kamera / Webcam:OK(0.00);Object Detector:NG(0.00)
2026-07-13,325,2026-07-13T13:10:13.601Z,NG,6418.0,Kamera / Webcam:OK(0.00);Object Detector:NG(0.00)
2026-07-13,326,2026-07-13T13:10:20.838Z,NG,7205.0,Kamera / Webcam:OK(0.00);Object Detector:NG(0.00)
2026-07-13,327,2026-07-13T13:10:27.423Z,NG,6558.0,Kamera / Webcam:OK(0.00);Object Detector:NG(0.00)
2026-07-13,328,2026-07-13T13:10:35.080Z,NG,7628.0,Kamera / Webcam:OK(0.00);Object Detector:NG(0.00)
2026-07-13,329,2026-07-13T13:10:41.793Z,NG,6683.0,Kamera / Webcam:OK(0.00);Object Detector:NG(0.00)
2026-07-13,330,2026-07-13T13:10:51.683Z,NG,9863.0,Kamera / Webcam:OK(0.00);Object Detector:NG(0.00)
2026-07-13,331,2026-07-13T13:10:59.722Z,NG,7995.0,Kamera / Webcam:OK(0.00);Object Detector:NG(0.00)
2026-07-13,332,2026-07-13T13:11:08.101Z,NG,8347.0,Kamera / Webcam:OK(0.00);Object Detector:NG(0.00)
2026-07-13,333,2026-07-13T13:11:15.260Z,NG,7128.0,Kamera / Webcam:OK(0.00);Object Detector:NG(0.00)
2026-07-13,334,2026-07-13T13:11:23.488Z,NG,8199.0,Kamera / Webcam:OK(0.00);Object Detector:NG(0.00)
2026-07-13,335,2026-07-13T13:11:32.748Z,NG,9225.0,Kamera / Webcam:OK(0.00);Object Detector:NG(0.00)
2026-07-13,336,2026-07-13T13:11:42.264Z,NG,9481.0,Kamera / Webcam:OK(0.00);Object Detector:NG(0.00)
2026-07-13,337,2026-07-13T13:11:49.267Z,NG,6968.0,Kamera / Webcam:OK(0.00);Object Detector:NG(0.00)
2026-07-13,338,2026-07-13T13:11:57.186Z,NG,7885.0,Kamera / Webcam:OK(0.00);Object Detector:NG(0.00)
2026-07-13,339,2026-07-13T13:12:04.242Z,NG,7024.0,Kamera / Webcam:OK(0.00);Object Detector:NG(0.00)
2026-07-13,340,2026-07-13T13:12:12.636Z,NG,8366.0,Kamera / Webcam:OK(0.00);Object Detector:NG(0.00)
2026-07-13,341,2026-07-13T13:12:19.913Z,NG,7243.0,Kamera / Webcam:OK(0.00);Object Detector:NG(0.00)
2026-07-13,342,2026-07-13T13:12:27.645Z,NG,7699.0,Kamera / Webcam:OK(0.00);Object Detector:NG(0.00)
2026-07-13,343,2026-07-13T13:12:35.173Z,NG,7496.0,Kamera / Webcam:OK(0.00);Object Detector:NG(0.00)
2026-07-13,344,2026-07-13T13:12:43.381Z,NG,8183.0,Kamera / Webcam:OK(0.00);Object Detector:NG(0.00)
2026-07-13,345,2026-07-13T13:12:50.093Z,NG,6686.0,Kamera / Webcam:OK(0.00);Object Detector:NG(0.00)
2026-07-13,346,2026-07-13T13:12:57.825Z,NG,7697.0,Kamera / Webcam:OK(0.00);Object Detector:NG(0.00)
2026-07-13,347,2026-07-13T13:13:05.696Z,NG,7837.0,Kamera / Webcam:OK(0.00);Object Detector:NG(0.00)
2026-07-13,348,2026-07-13T13:13:12.386Z,NG,6644.0,Kamera / Webcam:OK(0.00);Object Detector:NG(0.00)
2026-07-13,349,2026-07-13T13:13:20.265Z,NG,7850.0,Kamera / Webcam:OK(0.00);Object Detector:NG(0.00)
2026-07-13,350,2026-07-13T13:13:27.171Z,NG,6878.0,Kamera / Webcam:OK(0.00);Object Detector:NG(0.00)
2026-07-13,351,2026-07-13T13:13:34.393Z,NG,7191.0,Kamera / Webcam:OK(0.00);Object Detector:NG(0.00)
2026-07-13,352,2026-07-13T13:13:41.786Z,NG,7366.0,Kamera / Webcam:OK(0.00);Object Detector:NG(0.00)
2026-07-13,353,2026-07-13T13:13:50.183Z,NG,8359.0,Kamera / Webcam:OK(0.00);Object Detector:NG(0.00)
2026-07-13,354,2026-07-13T13:13:57.339Z,NG,7125.0,Kamera / Webcam:OK(0.00);Object Detector:NG(0.00)
2026-07-13,355,2026-07-13T13:14:05.453Z,NG,8082.0,Kamera / Webcam:OK(0.00);Object Detector:NG(0.00)
2026-07-13,356,2026-07-13T13:14:12.901Z,NG,7406.0,Kamera / Webcam:OK(0.00);Object Detector:NG(0.00)
2026-07-13,357,2026-07-13T13:14:19.894Z,NG,6959.0,Kamera / Webcam:OK(0.00);Object Detector:NG(0.00)
2026-07-13,358,2026-07-13T13:14:25.786Z,NG,5863.0,Kamera / Webcam:OK(0.00);Object Detector:NG(0.00)
2026-07-13,359,2026-07-13T13:14:32.659Z,NG,6844.0,Kamera / Webcam:OK(0.00);Object Detector:NG(0.00)
2026-07-13,360,2026-07-13T13:14:38.813Z,NG,6128.0,Kamera / Webcam:OK(0.00);Object Detector:NG(0.00)
2026-07-13,361,2026-07-13T13:14:46.822Z,NG,7975.0,Kamera / Webcam:OK(0.00);Object Detector:NG(0.00)
2026-07-13,362,2026-07-13T13:14:53.278Z,NG,6418.0,Kamera / Webcam:OK(0.00);Object Detector:NG(0.00)
2026-07-13,363,2026-07-13T13:15:00.418Z,NG,7111.0,Kamera / Webcam:OK(0.00);Object Detector:NG(0.00)
2026-07-13,363,2026-07-13T13:19:36.878Z,NG,13213.0,Kamera / Webcam:OK(0.00);Object Detector:OK(0.43);Socket Measurement:NG(0.39)
2026-07-13,364,2026-07-13T13:21:27.887Z,NG,12927.0,Kamera / Webcam:OK(0.00);Object Detector:OK(0.40);Socket Measurement:NG(0.34)
2026-07-13,365,2026-07-13T13:27:18.713Z,NG,13137.0,Kamera / Webcam:OK(0.00);Object Detector:OK(0.84);Socket Measurement:NG(0.59)
2026-07-13,366,2026-07-13T13:29:55.683Z,NG,12914.0,Kamera / Webcam:OK(0.00);Object Detector:OK(0.73);Socket Measurement:NG(0.54)
2026-07-13,367,2026-07-13T13:43:08.050Z,NG,12963.0,Kamera / Webcam:OK(0.00);Object Detector:OK(0.85);Socket Measurement:NG(0.57)
2026-07-13,368,2026-07-13T13:50:55.848Z,NG,12920.0,Kamera / Webcam:OK(0.00);Object Detector:OK(0.74);Socket Measurement:NG(0.61)
2026-07-13,369,2026-07-13T14:25:17.543Z,NG,17113.0,Kamera / Webcam:OK(0.00);Object Detector:OK(0.67);Socket Measurement:NG(0.61)
2026-07-13,370,2026-07-13T14:28:12.146Z,NG,13077.0,Kamera / Webcam:OK(0.00);Object Detector:OK(0.65);Socket Measurement:NG(0.57)
2026-07-13,371,2026-07-13T14:31:25.218Z,NG,14158.0,Kamera / Webcam:OK(0.00);Object Detector:OK(0.68);Socket Measurement:NG(0.58)
2026-07-13,372,2026-07-13T15:14:39.485Z,NG,13653.0,Kamera / Webcam:OK(0.00);Object Detector:OK(0.81);Socket Measurement:NG(0.53)
2026-07-13,373,2026-07-13T15:15:29.131Z,NG,13769.0,Kamera / Webcam:OK(0.00);Object Detector:OK(0.80);Socket Measurement:NG(0.62)
2026-07-13,374,2026-07-13T15:17:46.274Z,NG,13545.0,Kamera / Webcam:OK(0.00);Object Detector:OK(0.31);Socket Measurement:NG(0.32)
2026-07-13,375,2026-07-13T15:33:49.208Z,NG,13462.0,Kamera / Webcam:OK(0.00);Object Detector:OK(0.82);Socket Measurement:NG(0.53)
2026-07-13,376,2026-07-13T15:45:02.089Z,NG,13379.0,Kamera / Webcam:OK(0.00);Object Detector:OK(0.72);Socket Measurement:NG(0.56)
2026-07-13,377,2026-07-13T15:51:22.307Z,NG,134.0,Kamera / Webcam:OK(0.00);Object Detector:NG(0.00)
2026-07-13,378,2026-07-13T15:51:23.080Z,NG,105.0,Kamera / Webcam:OK(0.00);Object Detector:NG(0.00)
2026-07-13,379,2026-07-13T15:55:15.118Z,NG,470.0,Kamera / Webcam:OK(0.00);Object Detector:OK(0.59);Socket Measurement:NG(0.57)
2026-07-13,380,2026-07-13T15:55:16.482Z,NG,163.0,Kamera / Webcam:OK(0.00);Object Detector:NG(0.00)
2026-07-13,381,2026-07-13T15:55:17.765Z,NG,280.0,Kamera / Webcam:OK(0.00);Object Detector:OK(0.61);Socket Measurement:NG(0.73)
2026-07-13,382,2026-07-13T15:55:18.900Z,NG,124.0,Kamera / Webcam:OK(0.00);Object Detector:NG(0.00)
2026-07-13,383,2026-07-13T15:55:20.829Z,NG,117.0,Kamera / Webcam:OK(0.00);Object Detector:NG(0.00)
2026-07-13,384,2026-07-13T15:55:21.817Z,NG,112.0,Kamera / Webcam:OK(0.00);Object Detector:NG(0.00)
2026-07-13,385,2026-07-13T15:55:22.783Z,NG,156.0,Kamera / Webcam:OK(0.00);Object Detector:NG(0.00)
2026-07-13,386,2026-07-13T15:55:25.293Z,NG,258.0,Kamera / Webcam:OK(0.00);Object Detector:OK(0.59);Socket Measurement:NG(0.55)
2026-07-13,387,2026-07-13T15:55:27.246Z,NG,132.0,Kamera / Webcam:OK(0.00);Object Detector:NG(0.00)
2026-07-13,388,2026-07-13T15:55:28.009Z,NG,138.0,Kamera / Webcam:OK(0.00);Object Detector:NG(0.00)
2026-07-13,389,2026-07-13T16:12:35.535Z,NG,529.0,Kamera / Webcam:OK(0.00);Object Detector:OK(0.76);Socket Measurement:NG(0.51)
2026-07-13,390,2026-07-13T16:12:36.663Z,NG,401.0,Kamera / Webcam:OK(0.00);Object Detector:OK(0.67);Socket Measurement:NG(0.78)
2026-07-13,391,2026-07-13T16:47:45.833Z,NG,520.0,Kamera / Webcam:OK(0.00);Object Detector:OK(0.73);Socket Measurement:NG(0.67)
2026-07-13,392,2026-07-13T16:48:25.632Z,NG,261.0,Kamera / Webcam:OK(0.00);Object Detector:OK(0.73);Socket Measurement:NG(0.63)
2026-07-13,393,2026-07-13T16:48:34.372Z,NG,137.0,Kamera / Webcam:OK(0.00);Object Detector:NG(0.00)
2026-07-13,394,2026-07-13T16:48:36.189Z,NG,241.0,Kamera / Webcam:OK(0.00);Object Detector:NG(0.00)
2026-07-13,395,2026-07-13T16:48:37.608Z,NG,359.0,Kamera / Webcam:OK(0.00);Object Detector:OK(0.51);Socket Measurement:NG(0.55)
2026-07-13,396,2026-07-13T16:48:38.368Z,NG,113.0,Kamera / Webcam:OK(0.00);Object Detector:NG(0.00)
2026-07-13,397,2026-07-13T16:48:39.655Z,NG,160.0,Kamera / Webcam:OK(0.00);Object Detector:NG(0.00)
2026-07-13,398,2026-07-13T16:48:41.783Z,NG,266.0,Kamera / Webcam:OK(0.00);Object Detector:OK(0.57);Socket Measurement:NG(0.51)
2026-07-13,399,2026-07-13T16:48:50.122Z,NG,457.0,Kamera / Webcam:OK(0.00);Object Detector:OK(0.60);Socket Measurement:NG(0.51)
2026-07-13,400,2026-07-13T16:49:14.222Z,NG,277.0,Kamera / Webcam:OK(0.00);Object Detector:OK(0.54);Socket Measurement:NG(0.50)
2026-07-13,401,2026-07-13T16:49:15.582Z,NG,151.0,Kamera / Webcam:OK(0.00);Object Detector:NG(0.00)
2026-07-13,402,2026-07-13T16:49:24.650Z,NG,286.0,Kamera / Webcam:OK(0.00);Object Detector:NG(0.00)
2026-07-13,403,2026-07-13T16:49:28.590Z,NG,162.0,Kamera / Webcam:OK(0.00);Object Detector:NG(0.00)
2026-07-13,404,2026-07-13T16:49:29.438Z,NG,120.0,Kamera / Webcam:OK(0.00);Object Detector:NG(0.00)
2026-07-13,405,2026-07-13T16:51:03.970Z,NG,135.0,Kamera / Webcam:OK(0.00);Object Detector:NG(0.00)
2026-07-13,406,2026-07-13T16:51:12.506Z,NG,303.0,Kamera / Webcam:OK(0.00);Object Detector:OK(0.65);Socket Measurement:NG(0.00)
2026-07-13,407,2026-07-13T16:51:21.731Z,NG,692.0,Kamera / Webcam:OK(0.00);Object Detector:OK(0.54);Socket Measurement:NG(0.78)
2026-07-14,001,2026-07-14T02:20:17.468Z,NG,511.0,Kamera / Webcam:OK(0.00);Object Detector:OK(0.75);Socket Measurement:NG(0.53)
2026-07-14,002,2026-07-14T02:21:00.055Z,NG,343.0,Kamera / Webcam:OK(0.00);Object Detector:OK(0.60);Socket Measurement:NG(0.50)
